spam_word,sword_count,hword_count
cast,1,4
Sugababes,0,0
picture,1,5
JANINExx,1,0
SPAM,1,0
Tsunami,1,1
Txt,66,4
Registered,1,0
THEMOB,1,0
jocks,1,0
httpwwwbubbletextcom,0,0
norm,2,10
FINEST,0,0
yet,1,20
Thurs,1,2
prem,3,0
Blu,10,0
optin,1,0
wwwmovietriviatv,0,0
Buffy,0,0
please,21,36
simply,1,2
del,19,16
CUP,2,0
Cup,3,0
someone,7,32
STOPCS,1,0
LCCLTD,2,0
center,2,2
AlertFrom,0,0
mini,1,3
TOTAL,2,0
Tickets,2,0
retrieve,2,0
dept,0,0
Reference,1,0
gift,11,6
along,1,1
names,2,1
SkilGme,0,0
XXUK,1,0
yards,1,0
poly,17,0
kickoff,0,0
INTERFLORA,1,0
seem,1,13
THERES,0,1
Player,2,0
mgs,1,0
Good,8,67
Jordan,0,1
PARK,1,0
MONOC,1,0
DAYS,0,1
global,1,0
Colin,1,0
Scotsman,2,0
EuroDisinc,2,0
National,5,0
Network,2,2
notxtcouk,0,0
charged,10,1
cool,0,11
wwwgetzedcouk,0,0
christmas,1,4
Rayman,1,0
secretly,2,0
suppliers,0,0
missed,1,17
fantastic,3,3
Freeentry,1,0
email,1,9
FREE,87,1
flag,4,0
DONATE,1,0
found,1,11
Lots,1,1
Freemessage,0,0
WIN,17,0
tonights,2,0
compare,2,0
extra,6,5
texting,1,4
proze,1,0
Manchester,0,0
RECPT,1,0
wap,1,0
Services,1,0
landmark,0,0
Plus,1,9
disaster,1,1
post,6,23
truly,3,1
paying,1,6
OJA,1,0
ONE,31,12
End,0,0
messages,6,6
Cust,13,5
snappy,1,0
goals,1,0
Rally,2,0
Goal,0,0
DUE,1,0
Sept,3,0
TEXT,10,2
sticky,1,1
maybe,2,15
collection,11,0
Subscriber,2,0
Active,2,0
badass,1,0
couple,1,12
UNICEFs,0,0
unsubscribe,14,0
wamma,1,0
processed,0,1
SMSSERVICES,0,0
GBP,1,0
httpwwwurawinnercom,0,0
week,62,54
verify,0,1
wwwbridalpetticoatdreamscouk,0,0
lose,3,32
pic,16,98
giving,1,9
Kick,1,0
passion,1,3
Collect,1,1
news,6,8
horny,6,0
wwwSMSacubootydelious,0,0
polytruePixRingtonesGames,0,0
erotic,1,0
response,1,2
Price,5,1
Tel,5,27
Offer,6,0
wwwLdewcom,0,0
itcould,2,0
choose,3,7
Ltd,5,0
cmon,1,0
via,3,7
chances,2,0
Bears,1,0
wordCOLLECT,0,0
strt,1,1
Netcollex,4,0
Auction,4,0
NAME,4,2
Account,16,2
scammers,1,0
Log,2,2
flights,2,0
nowSavaMobmember,0,0
player,10,8
notified,1,0
chance,21,8
enjoyed,2,2
goto,4,2
meal,1,3
Give,2,5
Babe,2,7
British,2,0
open,1,18
new,52,65
callcost,2,0
married,1,3
Pro,6,8
Spiderman,0,0
RIGHT,1,1
mustprovide,1,0
Bray,0,0
ADAM,2,0
BIG,1,0
DoubleTxt,1,0
STORE,4,1
companies,1,0
DPS,0,1
Loans,1,0
registered,3,4
Dont,5,34
ABTA,3,0
Dizzee,1,0
expired,1,0
httpimg,0,0
Children,3,0
arrive,6,1
completely,1,7
TEXTCOMP,1,0
orno,1,0
cumin,1,0
Correct,1,0
Kath,0,0
details,7,13
sic,5,23
Beware,0,2
randomly,2,1
DONE,0,3
RGENT,4,0
fall,1,8
Barbie,0,0
KNOWS,1,1
Nasdaq,2,0
SIM,1,0
Energy,1,0
dob,1,1
eve,46,258
Super,1,3
Rock,1,0
Rate,2,0
GRAVEL,1,0
daytime,1,0
Club,4,0
connected,1,1
sexy,9,9
wwwtextcompcom,0,0
wwwcomuknet,0,0
code,16,1
wot,1,11
Day,4,1
breaks,1,0
KEEP,2,1
wallpaperall,0,0
gettin,6,48
user,4,3
recent,5,4
Fantasy,2,0
youTo,0,0
Amanda,1,0
Enjoy,5,8
LORD,1,0
YMCA,1,0
Line,4,0
complementary,1,0
SWAT,1,0
hurry,1,2
around,2,48
responding,1,2
SonyEricsson,5,0
missing,1,13
discreet,2,0
bedroom,1,5
know,18,205
really,1,65
CDs,5,0
callback,1,0
porn,0,1
MobcudB,1,0
Alfie,1,0
browse,1,1
Shinco,1,0
ans,17,76
stories,1,0
rcvd,2,0
responsible,1,0
comes,3,14
miss,9,89
TextOperator,1,0
Reminder,0,0
London,4,1
per,68,98
World,1,2
RING,4,2
NoWorriesLoanscom,0,0
reply,60,16
allow,4,4
mobs,1,0
welcome,0,2
learn,2,6
legitimat,1,0
luck,6,10
ENTRY,1,0
SIX,2,0
informed,2,3
Gsex,1,0
landlines,0,0
charity,3,0
PHONE,11,1
MOBNO,2,0
PICK,2,2
TOP,45,3
AccommodationVouchers,1,0
male,2,3
get,54,352
upload,2,2
okmail,0,0
cost,12,7
FIRST,1,1
POD,6,0
PORN,2,0
Videos,1,0
half,5,26
SUPER,1,0
NOKIA,15,0
think,11,139
chasing,1,1
Vodafone,4,0
Starts,2,1
FILTH,1,0
wanna,4,22
prizesWith,0,0
contract,3,1
Gift,4,0
June,1,1
complimentary,12,0
wish,0,44
Mnths,0,0
photo,3,8
cameravideo,0,0
Bcm,1,0
Slow,1,1
wwwclubzedcouk,0,0
England,4,0
register,5,4
page,1,8
ending,10,15
straight,2,3
receiving,2,2
followed,2,1
Awarded,1,0
replying,6,1
Birthday,0,3
Girl,0,1
taking,1,18
textoperator,2,0
dialling,1,0
POBox,10,0
biggest,3,1
look,13,55
holiday,10,8
getzedcouk,0,0
masked,1,0
music,1,5
FrogAXEL,0,0
Important,2,0
selected,25,2
chik,0,4
INFORMATION,2,0
ONTO,2,0
sim,3,12
MARSMS,0,0
Sony,10,1
Save,2,1
Costa,7,0
fancy,4,3
believe,2,14
got,9,236
Service,6,2
Poly,4,0
daily,0,1
ends,10,59
issues,2,2
explicit,2,1
Cost,25,0
onto,5,0
till,9,161
dogs,1,0
shows,31,4
XXXXXX,1,0
Ufind,0,0
wiv,2,4
Natalja,2,0
Whats,1,4
floppy,0,0
Titles,0,0
guess,1,24
app,20,153
digital,1,0
already,1,44
tour,0,3
XxX,2,0
tickets,1,6
Think,2,12
Urgent,6,0
txting,9,1
bill,5,10
Starting,1,0
Detroit,1,0
REAL,5,8
wwwsantacallingcom,0,0
TOTALLY,1,0
txts,8,0
REMINDER,1,0
sports,1,1
FANTASY,2,0
Wicklow,0,0
Terms,5,0
Divorce,0,0
Claim,30,0
alone,3,10
inc,13,46
supply,3,0
services,11,1
FreeMsg,5,0
PARIS,1,0
games,4,0
LUCY,1,1
moby,1,0
Questions,0,0
delTOMORROW,1,0
naked,1,1
Midnight,1,1
luxury,2,0
Loan,4,0
RCT,0,0
Back,1,4
Care,1,0
bitch,0,3
renewing,1,0
brand,2,1
Football,2,0
may,7,46
Helpline,2,0
Knock,1,0
begin,0,3
stolen,0,0
NOWREPLY,0,0
CLUB,2,0
PLAY,2,1
ringtoneget,0,0
show,32,38
care,12,51
EXPLOSIVE,2,0
turn,0,27
Dates,1,0
GREAT,1,1
Buy,3,2
havin,1,1
awarded,37,0
dont,6,87
recieve,1,0
availa,2,10
Strokes,0,0
Del,16,3
TheMobYo,0,0
Years,2,1
Moby,2,0
Dload,5,0
Duchess,2,0
Provided,2,0
ree,102,91
jamstercouk,0,0
ppm,4,0
keyword,1,0
GHOST,0,0
Invaders,2,0
god,0,9
soon,0,30
todays,1,4
gaytextbuddycom,0,0
stoptxtStop,0,0
hungry,1,7
High,2,0
GIRL,2,2
removed,1,0
mobsicom,0,0
quote,1,3
Subscription,1,0
Islands,2,0
install,1,2
Hope,2,46
worth,12,5
premium,2,0
Channel,1,0
lines,2,3
BTnational,0,0
TODAY,2,4
Promo,3,0
rcd,1,0
NYUSA,0,0
animation,1,1
rude,3,1
member,8,35
FreeMSG,1,0
Police,1,3
CHITCHAT,0,0
goal,2,1
Keep,1,6
Refused,1,0
lookin,10,23
ENGLAND,3,0
voucher,22,1
SMS,13,5
MUSIC,10,0
ringtones,2,0
menu,1,4
make,11,97
Next,2,1
Hockey,0,0
MAT,5,3
gprs,1,0
TsCs,3,0
polypH,2,0
LISTEN,1,0
XXXXX,2,0
housewives,0,0
minstexts,0,0
mins,15,11
Bored,3,0
Final,3,3
holder,1,0
tune,1,6
maximum,1,0
discount,9,1
Message,3,1
nat,8,18
TCLLC,0,0
orange,2,2
wat,1,101
need,6,147
Dial,1,0
wwwtklscom,0,0
Mandy,1,0
blonde,0,0
StrongBuy,0,0
increments,0,0
sms,3,12
receive,32,5
Ldn,2,0
Virgin,1,0
CameraVideo,0,0
Prize,13,0
tone,50,3
child,1,10
backdoor,1,0
NUMBER,0,1
meetins,1,0
wwwclubmobycom,0,0
delivered,2,0
hours,5,12
Sat,2,3
Sender,0,0
bootydelious,1,0
restrictions,0,0
man,16,106
fone,12,3
Verify,1,0
help,4,26
alert,1,0
colour,15,5
wwwSMSacugoldviking,0,0
happy,0,36
guys,3,29
land,31,8
birds,1,3
PlanetTalkInstantcom,0,0
Hack,1,0
Double,12,2
Welcome,5,0
mytonecomenjoy,0,0
arrange,2,4
EyedDont,0,0
PRIZEAWAITING,1,0
IMPORTANT,3,1
Trackmarque,1,0
donate,1,0
handset,1,0
waiting,20,28
POLYPHONIC,3,0
BLOKE,1,1
DRACULA,2,0
conacted,1,0
key,2,15
ALERT,0,0
widelivecomindex,0,0
WeddingFriend,1,0
CARLIE,1,0
MTALK,2,0
work,28,95
PopcornJust,0,0
evening,0,17
valid,3,0
idiot,1,1
Help,2,1
conditions,2,0
digits,0,0
mobilesvary,0,0
replied,1,4
WANT,1,5
customers,2,0
GET,5,3
met,1,68
Freemsg,0,0
Sullivan,1,0
Theyre,0,1
opt,12,4
Sir,1,2
competition,3,2
subscribed,4,0
fixed,4,5
Speak,4,12
freefone,3,0
months,2,5
Easter,1,0
night,6,87
LIVE,8,0
tonight,2,27
wks,1,0
confirm,1,10
LISTENING,1,0
doInterested,0,0
DontCha,1,0
BRAND,2,0
banned,1,0
hear,6,56
IBHltd,3,0
texts,15,6
quizclub,0,0
place,5,53
Helen,0,0
win,47,56
every,33,65
announcement,2,0
txtX,1,0
Hoody,1,0
bulbs,2,0
xxSP,1,0
bid,3,1
Mila,0,0
definitely,1,6
whose,1,1
Bluetooth,9,0
mates,5,6
horniest,1,0
prizeTo,0,0
unsubscribed,1,0
season,1,3
Linerental,2,0
logo,5,1
ring,25,91
stamped,2,0
sound,3,11
added,2,4
unclaimed,0,0
TAROT,1,0
XXXMobileMovieClub,0,0
computer,5,5
freesend,0,0
cnl,1,0
deepest,1,0
EVE,6,9
looking,9,19
MOAN,1,0
speed,1,4
August,1,0
January,2,0
balance,2,4
laugh,0,7
replies,1,0
httpgotbabescouk,0,0
HIT,1,3
subscribers,1,0
winner,10,0
SPECIALE,1,0
Croydon,7,0
httpwwwwtlpcouktext,0,0
little,3,24
try,43,63
wwwmusictrivianet,0,0
Bergkamp,1,0
ready,6,74
official,5,3
calls,3,11
amazing,3,0
nowSKY,0,0
Block,1,0
entered,6,5
Apply,2,0
Arrow,1,0
maximize,7,0
SiPix,6,0
choice,2,2
IThis,0,0
Please,34,30
area,5,6
ENTER,2,0
finally,1,9
TBSPERSOLVO,0,0
RSTM,0,0
Gamestar,2,0
laid,3,2
weeks,8,4
GBPweek,0,0
remove,3,5
HOTMIX,1,0
USER,1,0
song,3,10
Phony,1,0
Sky,2,0
funk,3,1
Normal,1,2
ROSES,1,0
Mystery,1,1
sexual,1,0
UNLIMITED,6,0
wwwshortbreaksorguk,0,0
VIOLET,2,0
UKs,2,0
want,18,184
matches,6,0
Britney,0,0
Want,10,6
TsandCs,2,0
cheaper,0,2
colours,0,1
Drinks,2,0
Hey,5,73
rec,62,46
heart,0,24
cruise,2,1
EVERY,1,1
survey,1,0
CallFREEFONE,2,0
wwwringtonescouk,0,0
httpwwwetlpcoukexpressoffer,0,0
Calls,5,0
WWWASJESUSCOM,0,0
Suite,2,0
await,24,1
easy,3,7
wwwareyouuniquecouk,0,0
LADIES,1,0
lover,2,6
TXT,6,2
ringtoneking,1,0
doubles,1,0
sang,1,0
logosmusicnews,0,0
Foley,2,0
concert,1,1
GMW,1,0
FRND,6,0
rateTCs,0,0
GOT,1,7
content,5,3
Married,1,0
networks,2,0
upto,2,2
charts,1,0
Euro,4,0
FLAG,4,0
Psychic,0,0
friends,1,37
records,3,0
Potter,2,0
wet,1,1
getting,4,42
Arcade,2,0
becausethey,1,0
Complete,1,0
envelope,2,0
unique,2,1
Stop,8,5
special,13,31
todayFrom,0,0
httpcareers,0,0
super,2,5
wildest,1,0
Admirer,2,0
wkTXT,0,0
wwwtelediscountcouk,0,0
best,5,28
Todays,16,0
Top,3,0
MOB,3,0
EVER,2,4
Panther,1,0
XCHAT,0,0
Dorothykiefercom,0,0
See,10,19
Shopping,4,2
CoolMob,0,0
gay,4,1
purchase,3,2
MIX,1,0
SPTyrone,0,0
national,7,0
rooms,1,4
FREEMSG,0,0
Half,7,0
chg,2,0
compensation,1,0
rates,9,1
MMSto,1,0
female,1,2
Warner,1,0
MEMBERS,2,0
contact,61,13
Wanna,6,3
Hot,4,0
offer,18,6
SPIDER,1,0
adult,3,2
iscoming,2,0
apply,14,3
either,10,11
httptms,0,0
WeBeBurnin,1,0
specialcall,0,0
FREEPHONE,8,0
httpwap,0,0
JANE,1,0
shortcode,1,0
Tell,3,24
Statement,16,0
Kit,1,0
Ages,1,0
Arsenal,1,0
SED,1,3
link,6,4
cam,28,34
days,23,27
TryWALES,0,0
EXTREME,1,0
Calling,0,0
Caller,10,5
newest,3,0
back,21,88
peak,10,24
important,7,10
star,11,49
RALLY,2,0
JSco,0,0
POBOX,6,0
hvae,1,0
mobiles,7,0
XXXX,3,0
kept,3,4
Information,1,0
Cornwall,2,0
wanted,1,25
TWILIGHT,2,0
Try,2,3
lionm,2,0
SERVICES,1,0
approx,1,1
else,0,14
FREENokia,0,0
videosound,1,0
selection,5,0
book,3,34
simple,1,3
friend,6,64
Bank,0,1
held,0,1
King,1,2
Barry,1,0
Jersey,1,0
postcode,3,0
Wins,1,0
Pete,1,8
rcv,4,0
Videophones,5,0
chart,2,0
darkest,1,0
cock,0,2
Filthy,1,0
Homeowners,3,0
review,4,1
TEXTPOD,2,0
web,2,2
CRAZYIN,0,0
REVEAL,2,0
Luck,0,3
AWARD,0,0
Marley,0,0
wwwgambtv,0,0
shot,1,2
alfie,2,0
Dave,2,1
yer,16,11
Farrell,1,0
ARIES,1,0
leadership,1,0
WOW,0,0
RingtoneFrom,0,0
WIFE,1,1
wait,39,80
Tenerife,7,0
Customer,11,5
AWAITING,4,0
billed,3,0
Thank,14,46
May,2,28
custcare,7,0
wants,1,20
AkonLonely,0,0
httpwwwetlpcoukreward,0,0
darling,2,3
chat,21,10
SHOP,4,0
log,10,16
saturday,1,6
Quiz,7,0
Rodger,1,0
sex,16,10
Yahoo,0,0
REWARD,2,0
Motorola,5,0
MATCH,2,0
order,18,9
Nick,0,1
Flag,1,0
TCsC,0,0
Marvel,1,0
Racal,0,0
ripped,1,0
INC,2,2
ladiesU,0,0
last,5,58
visit,7,9
BROTHER,1,0
XXX,7,7
BIDS,1,0
VALENTINES,0,0
Randy,0,0
Stereophonics,0,0
Weekly,2,0
ave,10,136
weekend,9,12
Saristar,1,0
auction,3,0
Eerie,2,0
champneys,0,0
FREERingtone,0,0
SURPRISE,3,4
came,19,27
anonymous,1,0
xxx,4,22
say,1,117
Tomorrow,1,2
Europe,1,0
Messages,2,0
local,4,0
deals,1,0
take,16,107
Inclusive,1,0
loan,0,5
yrs,3,2
CANCEL,1,0
dartboard,0,0
Algarve,2,0
URGENT,4,0
notice,3,3
lastest,1,0
accommodation,1,0
etc,8,10
read,7,92
available,1,10
RINGSRETURN,0,0
follows,0,0
Handset,0,0
wwwtcbiz,0,0
gbpsms,0,0
City,3,0
fixedline,2,0
TCs,2,0
settings,0,1
WILD,1,0
Skip,1,0
worlds,1,1
late,28,141
Norcorp,1,0
FIFA,1,0
RECEIVE,3,0
Mob,46,2
Holiday,21,0
UpdateNow,0,0
Check,4,6
faster,1,3
used,2,12
Press,3,5
MIN,2,7
ordered,3,1
within,7,6
could,9,47
colourredtextcolourTXTstar,0,0
original,4,1
MeetGreet,0,0
shag,2,0
Tour,0,0
tried,17,5
since,2,20
mre,1,0
rentl,10,7
LOG,2,0
left,1,24
claim,73,0
noline,5,0
Large,1,0
SkillGame,0,0
polyphonic,1,0
HOT,6,0
Lions,2,0
stars,1,1
nos,2,4
Ice,1,0
sing,9,57
Well,2,33
come,9,211
purpose,4,0
TONE,13,0
POLYS,0,0
previously,3,0
pole,0,1
minAPN,1,0
Points,0,0
current,12,6
Presleys,1,0
HEART,1,4
Sorry,1,51
fun,11,25
downloaded,1,1
Nyt,0,0
Polo,2,0
Sam,1,0
Flirt,0,0
arsenal,1,0
thought,1,38
Text,39,4
packs,2,0
Sunshine,7,0
Strip,1,0
CALL,21,9
wwwsmsconet,0,0
Spook,2,0
PICS,1,0
Chart,1,0
redeemable,1,0
SavaMob,5,0
Saturday,0,0
Wed,2,1
camera,18,2
Tones,7,0
Toxic,1,0
MFL,0,0
features,1,0
asap,0,1
Reply,40,9
made,1,25
repeat,0,2
sending,2,8
upgrade,3,0
PIC,5,2
wwwApplausestorecom,0,0
telephone,1,1
virgins,1,0
smart,1,3
POLYC,1,0
LtdHelpDesk,0,0
Find,3,1
sign,1,10
INCLU,1,0
Hungry,1,0
optout,1,0
ACTION,2,0
shopping,4,16
number,34,41
town,2,19
StdTxtRate,0,0
SNAP,1,0
lucky,6,5
BOX,15,0
SPTV,1,0
pleased,3,3
joined,2,4
svc,0,0
pence,3,0
Theres,0,0
caller,2,6
TONESReply,0,0
INDIA,1,2
prods,1,0
Tiger,1,0
WEEK,1,1
expiry,0,0
alerts,1,0
fans,1,0
standard,6,0
cancel,4,3
GAME,0,0
charge,14,10
XMAS,6,0
NEW,12,6
nasty,1,1
Everyone,1,0
currently,10,3
ANSWER,1,0
drvgsTo,1,0
orig,6,2
filthy,1,0
Tom,1,4
FANTASIES,5,0
Burger,1,0
Oranges,2,0
lounge,1,1
CLAIRE,1,0
points,0,4
deck,1,0
LOVE,2,22
operator,16,0
Accident,2,0
one,136,352
satisfy,2,0
SLEEPINGWITH,0,0
efreefone,1,0
among,2,3
SOIREE,1,0
min,35,174
nearly,1,2
resubmit,1,0
STOP,45,1
Eve,3,29
CREDIT,1,1
buddys,0,0
immediately,5,2
Messaging,2,0
opinions,0,1
people,3,38
Cheap,2,0
DAY,4,15
garden,2,0
console,0,0
Big,0,1
WELL,2,5
store,4,3
close,0,20
wkend,1,1
Come,1,15
Landline,5,0
OPT,2,0
polyPH,1,0
still,6,127
marketing,1,0
celeb,0,5
due,1,4
takes,4,12
tells,2,3
seeds,2,0
locations,5,0
gigolo,0,0
Free,42,4
Get,32,12
right,2,80
START,2,0
Stockport,0,0
Hotel,1,0
Tone,14,0
Boys,1,0
CUST,1,0
thanks,1,21
question,5,18
Jamster,0,0
cust,40,6
PREMIER,0,0
PLUS,1,0
include,0,2
upgrading,1,0
Great,4,6
mths,2,1
paid,1,6
Bonus,15,0
driving,1,19
Sol,7,4
GIRLS,1,1
stop,35,27
station,1,3
YES,13,1
five,3,2
Uve,1,0
tkts,4,0
collect,28,7
subs,26,1
renewed,1,0
bout,1,15
eye,2,6
thing,5,223
Mobiles,6,0
SUE,1,0
month,3,22
films,2,0
frog,1,0
Gnarls,1,0
Phoenix,2,0
GIV,1,6
row,12,70
text,81,69
parties,0,0
recorder,1,0
Blind,1,0
slower,1,0
Thanks,13,27
Sale,0,0
connect,4,10
olympics,0,0
using,2,10
bangb,0,0
shy,0,2
BangBabes,1,0
Sptv,0,0
video,22,2
wwwringtonekingcouk,0,0
questionstd,0,0
Interflora,1,0
wwwcashbincouk,0,0
numbers,9,2
DIGITAL,1,0
Goto,1,0
dirtiest,1,0
funky,1,1
become,1,5
Book,2,3
JSCO,1,0
removal,2,0
great,5,68
Search,2,0
fink,1,0
Show,1,0
game,6,7
wid,5,15
bloombergcom,0,0
Chloe,0,0
mjzgroup,0,0
outgoing,0,0
THNQ,1,0
iPOD,1,0
Pls,3,58
GoldDigger,1,0
hope,2,56
CHOSEN,2,0
AGE,7,1
charges,2,2
KING,1,3
much,1,77
offering,1,0
toilet,1,0
tomorrow,6,47
Date,1,0
growing,2,0
SEX,3,1
GoTo,1,0
Pin,2,0
CASH,10,0
MUNSTERS,0,0
person,2,37
profit,3,0
Click,2,0
agent,1,1
quality,2,3
class,1,25
inviting,6,0
respond,2,6
linerental,2,0
next,13,42
subject,1,0
BONUS,3,0
done,2,22
Make,2,9
logopic,0,0
Wanting,0,0
CHATLINES,1,0
membership,2,1
DONT,1,2
tattoos,0,0
lifetime,0,1
Stoptxt,0,0
MSGS,1,0
TSCs,0,0
continued,1,0
Requests,1,0
POST,1,2
entry,21,1
Australia,0,0
landlineonly,1,0
Msg,9,4
line,41,29
advise,3,0
SPJanuary,1,0
Wings,1,0
away,1,19
phone,40,65
ignore,1,4
Games,6,0
set,5,31
VIP,3,0
logos,1,0
invited,5,6
claimcode,1,0
leave,2,53
shop,5,28
Winner,2,0
Yeah,1,42
Ringtones,1,0
smsshsexnetUN,0,0
BBlue,0,0
changed,0,6
Instant,1,0
Pic,2,3
VAT,1,0
film,3,7
benefits,0,1
dating,14,0
abroad,1,0
Use,2,2
box,3,7
HELLOYou,0,0
CAMERA,3,0
JorgeShock,0,0
flowers,1,0
VIDEO,1,0
President,0,0
Play,6,2
hard,0,23
SplashMobile,0,0
SPRWM,0,0
wow,1,1
follow,9,4
sub,31,7
DENA,1,0
final,12,12
DoubleMins,1,0
ntwk,4,0
Hard,3,0
SAE,15,0
give,6,88
six,1,1
even,6,62
busy,2,12
OfferThe,0,0
downloads,3,0
Red,1,1
perfect,1,2
top,59,48
Careful,0,0
Sara,1,0
SONY,1,0
DIRTY,1,1
toppoly,1,0
Luv,5,0
price,10,5
Need,3,6
love,8,125
java,5,0
dining,1,0
Latest,10,0
Secret,2,0
chatIm,0,0
Natalie,1,0
starting,3,4
match,11,3
Rgds,1,0
artists,0,0
VILLA,1,0
Paris,0,0
landline,7,2
women,1,1
MONO,1,0
lapdancer,0,0
realize,1,6
OptOut,2,0
wwwcnupdatescomnewsletter,0,0
Symbol,2,0
Activate,3,0
acsmsrewards,0,0
wkly,10,0
things,2,34
Game,6,0
info,12,9
tariffs,2,0
hubbys,0,0
Germany,3,0
money,2,36
listen,1,13
Got,3,22
JordanTxt,0,0
bored,1,12
nowTCs,0,0
str,5,39
abuse,0,1
filthyguys,0,0
Golf,1,0
textsweekend,0,0
doggin,2,0
skills,1,0
FMyou,0,0
movie,0,16
FREEFONE,4,0
Space,2,1
Wkly,4,0
Tenants,4,0
chatting,0,1
Draw,1,1
DOUBLE,2,0
hotels,2,0
TEXTBUDDY,2,0
Talk,1,4
Worth,1,0
Jamz,1,0
Hlp,2,0
eerie,3,0
CHARITY,1,0
secret,10,5
failed,1,1
rply,5,5
contacted,5,0
REPLY,1,0
Mailbox,2,0
secs,0,0
SWAP,1,0
house,1,19
Cant,4,5
Lux,1,0
Adult,1,0
vodafone,2,0
Vote,0,0
improved,2,0
leading,1,0
fastest,2,0
Santa,2,0
Pub,2,0
ASKED,1,0
coincidence,0,0
EXP,2,1
term,5,6
November,1,0
Hello,2,13
lnly,1,0
accessible,0,0
Sexy,1,1
Cashbincouk,0,0
live,40,19
following,5,2
BILLING,0,0
types,1,0
reference,3,4
Colour,2,0
TxtNO,2,0
DOT,2,0
Select,0,0
website,0,1
readers,0,0
LookAtMe,0,0
Special,0,0
girls,4,7
awaiting,5,0
Granite,2,0
Camcorder,4,0
Congratulations,12,1
soundtrack,1,0
canname,1,0
NOK,17,0
questions,2,5
teenager,1,0
address,4,9
Direct,5,0
Henry,1,0
representative,10,0
Ibiza,4,0
Devils,1,0
BAHAMAS,0,0
reward,2,2
brought,1,2
quoting,5,0
sent,20,66
Plyr,0,0
sue,2,4
Kingdom,0,0
Cha,14,8
Lowcost,0,0
weekly,20,0
Close,2,0
TXTAUCTION,1,0
latest,27,1
ipod,0,0
Mobile,34,2
Secured,1,0
Delivered,2,0
drawPlease,0,0
videochat,5,0
Georges,0,0
another,2,30
Nokia,43,1
pound,19,5
Jackpot,0,0
voicemail,0,0
answer,7,18
loyal,2,0
DeliveredTomorrow,0,0
Termsapply,1,0
GUARANTEED,3,0
results,3,2
camcorder,6,0
Usher,2,0
Headset,1,0
cheap,2,6
pics,8,4
join,11,16
Extra,1,0
strings,1,0
receipt,3,2
Teletext,1,0
posh,1,0
Opt,5,0
December,5,0
MUST,3,0
ENJOY,1,2
Ben,1,1
today,3,49
hot,14,21
potential,1,2
CLAIM,3,0
tell,15,106
Karaoke,1,0
IBH,5,0
Chat,9,0
Simpsons,1,0
wwworangecoukow,0,0
Cash,4,0
Ringtone,5,0
GENDER,2,0
Boltblue,1,0
Email,1,0
wwwtxttowincouk,0,0
Sex,4,1
MSGWe,0,0
Code,4,0
Classic,1,0
wwwrtfsphostingcom,0,0
nights,2,1
Fri,3,12
Win,16,6
part,12,40
Gossip,0,0
polyH,2,0
rental,10,0
meet,6,98
CocaCola,0,0
Update,10,1
Unsub,7,0
fact,0,10
Money,1,1
SmartCall,1,0
professional,1,0
Xmas,8,3
BabyGoodbye,1,0
entitled,8,0
Vatian,1,0
glad,0,4
save,1,9
guarantee,26,0
four,1,2
brings,1,4
Future,1,1
Matthew,1,0
monos,1,0
sale,2,3
CDGT,2,0
yoHere,0,0
AOM,1,0
Valentines,2,5
trip,5,14
Camera,4,1
scores,1,1
would,1,60
Promotion,1,0
wining,1,0
Pics,1,1
cst,1,1
end,101,276
cash,43,10
minutes,5,20
ENG,5,0
wwwldewcom,0,0
Video,15,0
ill,18,246
enjoy,4,19
costing,2,0
needs,1,11
latests,1,0
fgkslpoPW,1,0
vary,5,0
Dick,0,0
Incredible,2,0
Eire,0,0
network,23,2
TCsstop,0,0
msgs,2,4
Kens,0,0
wwwflirtpartyus,0,0
NGage,0,0
enough,1,21
Libertines,1,0
STOPBCM,1,0
dream,1,11
login,1,2
Jeri,1,0
Sub,6,0
subscriptions,0,0
Fancy,5,1
messagesim,0,0
refundedThis,0,0
Lucozade,2,0
refused,0,0
offers,10,1
Bahamas,2,0
internetservice,0,0
Subs,5,0
PRIVATE,0,0
items,1,1
support,2,9
mob,95,13
WRC,2,0
xxxmobilemovieclubcomnQJKGIGHJJGCBL,0,0
Gay,2,0
received,2,1
surprise,2,5
Loyalty,4,0
MSG,3,1
years,4,12
stuff,0,33
Amy,0,0
password,3,4
PARISFREE,0,0
Somebody,2,2
vid,26,4
Age,2,0
FREERingtoneReply,0,0
TMobile,0,0
Txts,1,0
July,1,0
valued,11,0
Send,20,18
wwwIdewcom,0,0
smashed,1,1
Min,11,10
bears,0,0
New,15,16
Nokias,2,0
credited,1,3
STAR,3,1
theredo,0,0
Bought,1,0
DATE,3,1
tips,1,0
Unsecured,0,0
Summers,1,0
HARDCORE,1,0
warranty,0,0
Valid,20,0
fraction,1,0
message,26,43
career,1,2
award,45,1
smartThough,0,0
hunks,1,0
Crazy,1,1
Content,3,0
Monthly,1,0
sextextukcom,0,0
stay,3,30
iPod,6,0
door,1,7
OFFICE,1,0
StewartSize,0,0
Liverpool,3,0
Uks,1,0
pounds,17,2
use,15,99
Available,2,1
tgxxrz,1,0
SUBPOLY,3,0
saucy,3,0
lucozadecoukwrc,0,0
textand,1,0
SUMMER,1,0
Slide,1,0
FANTASTIC,4,0
loads,4,9
WAITING,6,0
Singles,1,0
private,2,1
subsequent,1,0
year,9,30
Rreveal,0,0
many,6,49
Choose,6,0
unlimited,3,2
HIDE,1,0
yesterday,0,8
FLOWER,2,1
resub,1,1
UKmobiledate,0,0
clip,1,0
MINS,0,0
ZOUK,1,0
toClaim,0,0
BAILIFF,1,0
mymoby,0,0
Triple,1,0
LILY,2,0
Music,3,0
CustomerCare,1,0
JamsterGet,0,0
Stream,1,0
Dream,2,0
speak,6,12
everyone,1,10
Flight,1,0
DIS,2,1
fromm,4,0
Drop,0,1
renewal,1,0
correct,3,4
EXORCIST,0,0
team,1,5
Voucher,10,0
posts,1,0
Phone,4,2
Macedonia,1,0
Someone,7,3
mens,1,1
dark,2,2
goodies,0,0
going,1,136
resent,11,5
bundle,1,0
BILL,0,0
subscrition,1,0
TnC,8,0
ADDAMSFA,0,0
FML,0,0
TheDailyDraw,0,0
ZOE,1,1
PRIVACY,1,0
babe,6,23
request,1,7
name,10,22
Order,2,0
ASAP,0,2
Barkleys,1,0
picked,4,4
avble,0,0
recently,2,4
BBDELUXE,1,0
Congrats,2,6
dates,1,2
END,7,14
RECD,1,0
CUTE,1,0
Jst,1,3
prepayment,0,0
Bloomberg,2,0
Summer,4,0
customersqueriesnetvisionukcom,0,0
put,6,35
old,7,101
released,1,3
home,1,104
hotel,3,4
Heroes,0,0
Costs,2,0
txt,77,9
Canary,2,0
LDN,4,1
self,2,12
BTooth,0,0
Ultimate,1,1
trying,15,27
also,2,42
Nookii,1,0
flirt,3,2
reach,5,40
busty,1,0
fantasies,0,0
delivery,13,0
well,1,38
Txting,1,0
time,28,162
REALITY,2,0
nowSend,0,0
shortly,1,1
annoncement,0,0
men,35,62
admirer,6,0
terms,3,2
created,1,4
various,1,2
HALF,1,0
account,3,14
Btooth,0,0
collected,0,1
httpdoit,0,0
AREA,0,0
topped,1,4
inclusive,5,0
TheMob,1,0
sunshine,0,0
lionp,2,0
Street,2,0
ecstacy,0,0
MobilesDirect,3,0
TULIP,2,0
Call,138,24
skins,1,0
see,11,144
TAKE,1,2
xnet,0,0
YOUVE,0,0
service,54,3
WAP,6,0
scallies,0,0
Youll,0,0
wwwtextpodnet,0,0
call,181,247
prompts,0,0
Pink,1,0
Would,3,5
Unsubscribe,3,0
inforingtonekingcouk,0,0
xafter,1,0
Echo,1,0
Holder,1,0
BBC,1,0
Wan,17,10
first,5,35
SHOW,2,1
Optout,2,0
wrote,0,1
ONCALL,0,0
TnCs,6,0
feeling,2,15
bringing,1,3
Records,1,0
PLS,0,0
warm,2,4
margin,1,0
radio,1,3
SCOTLAND,1,0
highest,1,0
wont,0,30
GSOH,0,0
stopCost,1,0
community,1,1
called,1,30
Village,1,0
RINGTONE,3,0
getstop,2,0
company,0,10
baby,1,12
AGreen,0,0
BluetoothHdset,1,0
Hols,0,0
receivea,2,0
better,0,29
woman,1,2
PIX,2,0
costs,1,1
enter,15,14
crazy,2,6
OTBox,1,0
fones,0,0
UpgrdCentre,1,0
transferred,1,0
cashbalance,0,0
NTT,10,0
BABE,1,7
kick,2,8
must,3,19
touch,1,15
tons,1,3
package,1,1
picTxt,0,0
NOTHING,0,1
plus,5,7
card,1,13
send,47,110
nokia,5,2
instructions,1,1
babes,2,1
accordingly,0,0
TheMobHit,0,0
previous,4,2
PSP,1,0
Digital,6,0
genuine,3,0
FreeMsgFeelin,0,0
nothing,2,13
guaranteed,25,0
prize,45,0
date,18,12
running,1,4
Queries,1,0
EASTENDERS,2,0
prebook,0,0
kinda,1,7
HTTPWWWURAWINNERCOM,0,0
played,2,2
FreeMsgFAV,0,0
CRed,0,0
lets,1,8
Credit,0,0
wedding,1,2
however,1,6
TONEXS,1,0
sexiest,1,0
youre,0,2
Feb,1,2
Ive,0,1
mind,1,35
regular,1,2
urgent,5,2
Hubby,1,0
instantly,1,2
partner,4,2
weekends,5,2
Expires,17,0
Aberdeen,0,0
credits,4,0
Break,5,0
strong,0,4
ads,7,20
subscribe,21,0
specially,9,7
Delivery,6,0
Msgs,2,1
thesmszonecom,0,0
Spanish,2,0
stadium,0,0
Dating,1,0
calling,4,12
POLY,10,0
polys,4,0
update,7,2
HARRY,0,0
two,26,29
mid,2,12
News,0,0
sort,1,17
nokias,1,0
Number,0,0
chgs,1,0
pls,7,26
zed,5,6
sufficient,1,0
Sppok,1,0
talk,4,46
airport,1,4
passes,1,0
Bob,0,0
true,1,9
Travel,2,0
QuizWin,0,0
graphics,1,0
Team,0,0
starts,2,4
DVD,6,0
Identifier,16,0
Polyphonic,1,0
United,1,0
attempt,21,2
real,11,97
format,6,3
SUZY,1,0
wwwregalportfoliocouk,0,0
dogging,2,0
pass,9,18
mobile,80,13
Ave,2,1
Black,1,2
promised,1,1
notifications,0,0
access,5,2
SHIT,0,2
provided,1,0
like,13,209
Ever,2,12
outbid,1,0
kiosk,0,0
prescripiton,1,0
havent,0,16
sport,3,5
cum,4,14
Voda,9,0
ever,35,174
ORANGE,1,0
indicate,2,0
Download,1,0
way,1,166
Forwarded,0,0
wquestion,0,0
advisors,1,0
hrs,1,3
footy,1,0
selling,1,3
EURO,2,0
cashin,0,0
Movie,1,0
youve,0,0
minute,5,32
rpl,6,5
presence,1,0
CHANCE,3,1
ansr,4,0
cops,1,0
download,6,8
borin,1,2
PocketBabecouk,0,0
flyng,1,0
hit,2,45
Dear,16,26
VCo,1,0
wwwdbuknet,0,0
DRAW,3,0
datingi,0,0
visionsmscom,0,0
MESSAGE,2,1
pause,1,0
SPORT,1,1
Missed,1,1
Moons,0,0
asked,6,19
fast,3,11
recd,0,0
Twinks,0,0
draws,0,0
pdateNow,0,0
girl,6,26
TITLE,3,0
yourinclusive,1,0
ten,10,56
claims,2,0
Bin,1,0
RTKIng,0,0
Shop,6,2
Youre,0,0
subscriber,2,0
PushButton,1,0
James,1,0
CHAT,17,1
fancies,3,0
ADP,0,0
folks,1,0
Dozens,1,0
SPOOK,3,0
connection,1,5
msgticketkioskValid,0,0
QlynnBV,1,0
TRY,2,2
TEXTS,0,0
superb,1,0
Trav,2,0
activate,1,1
regard,1,8
TXTAUCTIONTxt,0,0
credit,8,6
ladies,1,1
msg,16,40
Orange,20,0
ones,38,10
summer,2,1
Ring,7,0
Scoring,2,0
FIND,2,2
WINNER,0,0
members,3,1
jamster,1,0
NICHOLS,1,1
rate,20,21
CARD,3,2
ROMCAPspam,1,0
WinnersClub,1,0
Today,18,18
txtin,13,1
pay,2,33
anyone,1,12
messagesText,0,0
Bookmark,1,0
tones,15,0
html,1,0
word,17,27
comp,35,43
reschedule,0,0
Dogging,6,0
ANS,2,1
wwwSMSacuhmmross,0,0
exciting,4,2
wither,1,0
thinks,10,3
Pound,4,0
Box,34,0
Youve,0,0
AUCTION,4,0
goalsteam,0,0
Vouchers,4,0
BTnationalrate,0,0
knickers,1,0
Hol,22,3
UnSub,1,0
LOST,2,0
willing,1,5
gold,2,2
cashto,2,0
play,20,31
Someonone,1,0
heard,3,8
Mins,10,0
Rental,2,0
YESTERDAY,2,0
blow,2,3
vouchers,15,0
Woods,1,0
chaps,1,0
Adrian,1,0
med,13,30
GOING,3,1
unable,2,3
fantasy,1,0
start,8,43
Guaranteed,1,0
COLLECT,4,0
lonely,0,3
SERVs,1,0
loyalty,0,0
maniac,0,0
never,1,43
trial,1,0
Suprman,3,0
cross,3,12
bonus,2,0
chatter,0,0
challenge,1,1
laidwant,0,0
Wet,1,0
LUCKY,2,0
slo,2,15
MQUIZ,1,0
customer,32,4
walk,1,26
revealed,0,0
beg,1,7
PRICE,1,0
thousands,1,1
action,2,6
country,4,0
nowUse,0,0
std,2,1
MEGA,1,0
sounds,1,5
uks,0,1
error,1,1
good,4,110
MATCHED,1,0
Guess,6,7
direct,8,8
mono,3,0
personal,2,5
randy,0,2
hava,1,0
unredeemed,4,0
goldviking,1,0
LOTR,1,0
anytime,12,1
fit,4,4
Lucy,1,0
PASS,1,0
fgkslpo,1,0
wallpaper,2,0
Zebra,1,0
Uptown,0,0
ringtone,20,0
fund,1,2
PHP,1,0
capital,1,1
Romantic,1,0
Breaker,1,0
sell,1,13
high,1,3
HORO,1,0
booking,1,2
Simply,2,1
nownyt,0,0
Panasonic,1,0
HMV,4,0
wordSTART,0,0
free,51,48
find,18,48
Remove,2,0
spree,6,0
club,5,1
Logon,1,0
cinema,3,2
SING,1,0
keep,3,56
died,1,2
Halloween,3,0
Westlife,2,0
Male,2,0
weekstop,0,0
mistake,1,6
trained,1,0
afraid,1,3
largest,4,0
flirting,1,1
singles,4,0
MESSAGEThanks,0,0
SmithSwitch,0,0
future,3,1
day,64,245
draw,33,5
msgsubscription,0,0
recdthirtyeight,0,0
Name,1,0
shagged,2,0
HELP,3,0
information,4,2
Asian,1,0
Join,6,0
FINAL,2,0
forget,2,15
living,1,2
prizes,2,0
lingerie,1,0
lots,1,15
Chance,1,0
gotto,1,0
Single,1,2
videopic,0,0
SPEEDCHAT,1,0
minded,1,1
deluxe,1,0
life,4,36
chosen,1,0
SAM,2,1
sparkling,1,0
round,3,55
Hottest,1,0
Incorrect,0,0
phones,15,1
SEXYCHAT,1,0
Hardcore,1,0
Brought,1,0
subscription,3,0
quiz,2,1
GENT,4,1
Home,4,2
vouchersText,0,0
BANNEDUK,1,0
breath,1,4
XCLUSIVECLUBSAISAI,0,0
VPOD,1,0
click,2,2
LIFE,1,2
Bad,1,4
band,1,6
Elvis,1,0
ref,5,16
Last,9,7
started,1,16
SPECIAL,4,1
Burns,1,0
condition,3,1
trebles,0,0
Polys,0,0
